timestamp,elevationMeters
2025-11-24T17:30:00Z,3.048
2025-11-24T17:39:00Z,3.048
2025-11-24T21:52:00Z,3.048
2025-11-25T15:17:00Z,3.048
2025-11-25T15:22:00Z,3.048
2025-11-27T14:27:00Z,3.048
2025-11-27T19:35:00Z,3.048
2025-11-27T19:43:00Z,3.048
2025-11-28T14:02:00Z,3.048
2025-11-29T09:57:00Z,3.048
2025-11-29T10:10:00Z,3.048
2025-11-29T13:03:00Z,3.048
2025-11-29T19:32:00Z,3.048
2025-12-01T13:29:00Z,3.048
2025-12-01T13:41:00Z,3.048
2025-12-01T13:47:00Z,3.048
2025-12-02T14:41:00Z,3.048
2025-12-02T16:51:00Z,3.048
2025-12-02T19:55:00Z,3.048
2025-12-02T22:04:00Z,3.048
2025-12-03T10:22:00Z,3.048
2025-12-03T13:57:00Z,3.048
2025-12-03T14:14:00Z,3.048
2025-12-03T14:15:00Z,3.048
2025-12-03T16:05:00Z,3.048
2025-12-03T21:52:00Z,3.048
2025-12-05T11:44:00Z,3.048
2025-12-05T11:58:00Z,3.048
2025-12-05T12:24:00Z,3.048
2025-12-05T18:20:00Z,3.048
2025-12-06T08:32:00Z,3.048
2025-12-06T10:29:00Z,3.048
2025-12-06T12:26:00Z,6.096
2025-12-06T12:27:00Z,3.048
2025-12-06T13:58:00Z,3.048
2025-12-06T21:39:00Z,3.048
2025-12-07T08:59:00Z,3.048
2025-12-07T14:37:00Z,3.048
2025-12-08T10:19:00Z,3.048
2025-12-09T10:28:00Z,3.048
2025-12-09T21:41:00Z,3.048
2025-12-10T10:45:00Z,3.048
2025-12-11T11:37:00Z,3.048
2025-12-11T11:56:00Z,9.144
2025-12-11T12:59:00Z,3.048
2025-12-11T13:16:00Z,3.048
2025-12-11T14:28:00Z,3.048
2025-12-11T14:54:00Z,3.048
2025-12-11T22:24:00Z,3.048
2025-12-12T13:12:00Z,3.048
2025-12-13T11:30:00Z,3.048
2025-12-13T14:22:00Z,3.048
2025-12-13T22:40:00Z,3.048
2025-12-14T15:29:00Z,3.048
2025-12-14T21:21:00Z,3.048
2025-12-15T15:14:00Z,3.048
2025-12-16T14:38:00Z,3.048
2025-12-17T11:17:00Z,3.048
2025-12-17T11:18:00Z,3.048
2025-12-17T11:49:00Z,3.048
2025-12-17T15:52:00Z,3.048
2025-12-17T22:14:00Z,3.048
2025-12-18T11:52:00Z,3.048
2025-12-18T13:26:00Z,3.048
2025-12-18T13:58:00Z,3.048
2025-12-21T14:02:00Z,3.048
2025-12-21T20:52:00Z,3.048
2025-12-22T15:15:00Z,3.048
2025-12-22T19:31:00Z,3.048
2025-12-23T14:55:00Z,3.048
2025-12-23T21:56:00Z,3.048
2025-12-24T20:48:00Z,3.048
2025-12-25T08:11:00Z,3.048
2025-12-25T10:09:00Z,3.048
2025-12-25T11:43:00Z,3.048
2025-12-25T15:12:00Z,3.048
2025-12-25T21:45:00Z,3.048
2025-12-27T14:37:00Z,3.048
2025-12-27T20:48:00Z,3.048
2025-12-28T09:19:00Z,3.048
2025-12-28T14:24:00Z,3.048
2025-12-28T21:51:00Z,3.048
2025-12-29T09:20:00Z,3.048
2025-12-29T14:28:00Z,3.048
2025-12-29T21:56:00Z,3.048
2025-12-30T07:58:00Z,3.048
2025-12-30T11:54:00Z,3.048
2025-12-31T13:22:00Z,3.048
2025-12-31T13:52:00Z,3.048
2025-12-31T16:07:00Z,3.048
2025-12-31T23:06:00Z,3.048
2026-01-01T10:21:00Z,3.048
2026-01-01T10:53:00Z,3.048
2026-01-01T11:00:00Z,3.048
2026-01-01T11:04:00Z,3.048
2026-01-01T15:05:00Z,3.048
2026-01-01T17:24:00Z,3.048
2026-01-01T17:25:00Z,3.048
2026-01-01T20:08:00Z,3.048
2026-01-01T20:57:00Z,3.048
2026-01-02T00:37:00Z,3.048
2026-01-02T12:19:00Z,3.048
2026-01-02T12:29:00Z,3.048
2026-01-02T13:03:00Z,6.096
2026-01-02T13:20:00Z,3.048
2026-01-02T13:24:00Z,3.048
2026-01-02T14:08:00Z,3.048
2026-01-02T15:25:00Z,3.048
2026-01-02T18:43:00Z,3.048
2026-01-02T21:37:00Z,3.048
2026-01-02T21:38:00Z,3.048
2026-01-02T21:40:00Z,3.048
2026-01-02T22:18:00Z,3.048
2026-01-03T12:56:00Z,3.048
2026-01-03T13:12:00Z,3.048
2026-01-03T15:41:00Z,3.048
2026-01-04T14:44:00Z,3.048
2026-01-04T21:44:00Z,3.048
2026-01-06T08:17:00Z,3.048
2026-01-06T21:32:00Z,3.048
2026-01-07T08:38:00Z,3.048
2026-01-07T10:18:00Z,3.048
2026-01-07T11:00:00Z,3.048
2026-01-07T12:39:00Z,3.048
